Java/Python前端开发工程师,8k-15k,杭州  ,1-3年,本科,美国道富
python 前端 工程师,13k-23k,杭州  ,3-5年,本科,小影
web前端培训讲师,9k-10k,杭州  ,1-3年,大专,牵引力教育
前端架构师,15k-25k,杭州  ,3-5年,本科,有融网
web前端开发工程师,7k-14k,杭州  ,1-3年,大专,杭州兆云科技有限公司
区块链前端工程师,10k-15k,杭州  ,1-3年,大专,EUB
web全栈工程师,15k-30k,杭州  ,3-5年,本科,菜鸟网络
高级前端开发,15k-25k,杭州  ,3-5年,本科,涂鸦智能
高级前端开发工程师(电商中台),15k-25k,杭州  ,1-3年,本科,嘉云数据
web前端,15k-25k,杭州  ,3-5年,本科,涂鸦智能
小程序开发工程师,15k-25k,杭州  ,不限,不限,有赞
前端工程师,10k-15k,杭州  ,1-3年,本科,EUB
web前端,10k-16k,杭州  ,3-5年,本科,仁聚汇通
web前端,25k-40k,杭州  ,3-5年,本科,阿里云
前端工程师,8k-15k,杭州  ,1-3年,大专,兆云科技
高级NodeJS工程师,15k-30k,杭州  ,3-5年,本科,51信用卡管家
web前端开发,15k-18k,杭州  ,3-5年,本科,浙江禾连网络
web前端,8k-12k,杭州  ,3-5年,本科,浙江泛亚
高级前端开发工程师,10k-16k,杭州  ,3-5年,大专,杭州维杜
web前端,5k-10k,杭州  ,1年以内,本科,摩汀科技
前端工程师,20k-30k,杭州  ,3-5年,本科,嘉云数据
Web前端工程师,15k-30k,杭州  ,3-5年,本科,太极盾
web前端,10k-17k,杭州  ,1-3年,本科,上善金融
web前端,20k-40k,杭州  ,3-5年,本科,阿里云
前端工程师,10k-18k,杭州  ,3-5年,本科,兆云科技
web前端开发工程师,15k-25k,杭州  ,3-5年,本科,小影
WEB前端开发工程师（中级、中高级）,12k-20k,杭州  ,3-5年,大专,熙牛医疗
前端,20k-40k,杭州  ,3-5年,本科,菜鸟网络
阿里云-Web前端-杭州,20k-40k,杭州  ,3-5年,本科,阿里巴巴集团
前端开发工程师,8k-15k,杭州  ,1-3年,不限,涂鸦智能
NodeJS工程师,8k-15k,杭州  ,1-3年,不限,涂鸦智能
高级NodeJS工程师,15k-28k,杭州  ,3-5年,不限,涂鸦智能
高级前端开发,15k-25k,杭州  ,3-5年,本科,饭点儿
高级前端开发工程师,12k-24k,杭州  ,3-5年,本科,袋鼠云
前端开发,8k-15k,杭州  ,3-5年,大专,泛亚科技
web前端资深工程师（高salary）,12k-20k,杭州  ,3-5年,大专,熙牛医疗
安全开发工程师,15k-30k,杭州  ,1-3年,本科,51信用卡管家
资深前端开发,15k-25k,杭州  ,3-5年,本科,杭州蛮牛科技有限公司
高级前端开发工程师,14k-28k,杭州  ,3-5年,本科,涂鸦智能
web前端,15k-30k,杭州  ,3-5年,本科,菜鸟网络
高级前端工程师,25k-50k,杭州  ,3-5年,本科,阿里云
高级Web前端开发工程师,15k-20k,杭州  ,3-5年,本科,中电海康
资深前端开发专家,20k-40k,杭州  ,3-5年,本科,同盾科技
小程序开发工程师-杭州-00477,15k-30k,杭州  ,不限,本科,有赞
小程序开发工程师,12k-24k,杭州  ,不限,不限,有赞
前端开发工程师,10k-20k,杭州  ,1-3年,本科,嘉云数据
web前端工程师,10k-16k,杭州  ,1-3年,本科,酷巢科技
前端开发工程师,13k-26k,杭州  ,3-5年,本科,牛魔王金融
高级web前端开发,6k-12k,杭州  ,1-3年,本科,芮廷科技
小程序前端工程师,20k-40k,杭州  ,3-5年,本科,有赞
web前端,10k-20k,杭州  ,1-3年,本科,木链科技
web前端,20k-30k,杭州  ,3-5年,本科,武藏物联
前端开发,13k-20k,杭州  ,1-3年,本科,饭点儿
前端资深工程师/技术专家（北京，杭州）,20k-35k,杭州  ,3-5年,本科,蚂蚁金服
WEB前端开发工程师,8k-12k,杭州  ,1-3年,本科,熙牛医疗
前端开发（高级）,15k-25k,杭州  ,3-5年,本科,爱家田螺
web前端,13k-22k,杭州  ,5-10年,本科,熙牛医疗
web前端工程师,15k-30k,杭州  ,1-3年,本科,有赞
web前端,8k-16k,杭州  ,3-5年,本科,熙牛医疗
高级前端工程师,6k-12k,杭州  ,3-5年,本科,风胜科技
